{"se3JpwrtF":{"translationX":0.49650955200195312,"translationY":-0.3692169189453125,"translationZ":-0.8762134313583374},"se3FwrtC":{"translationX":0.25640106201171875,"translationY":0.40608596801757812,"translationZ":-0.47374296188354492},"distBetweenWheel":0.82253265380859375}